<?xml version="1.0" encoding="UTF-8"?>
<project-private xmlns="http://www.netbeans.org/ns/project-private/1">
    <editor-bookmarks xmlns="http://www.netbeans.org/ns/editor-bookmarks/2" lastBookmarkId="0"/>
    <open-files xmlns="http://www.netbeans.org/ns/projectui-open-files/2">
        <group>
            <file>file:/C:/Users/Admin/Desktop/SP24/PRJ301/CheckData/src/view/InputDataView.java</file>
            <file>file:/C:/Users/Admin/Desktop/SP24/PRJ301/CheckData/src/models/InputData.java</file>
            <file>file:/C:/Users/Admin/Desktop/SP24/PRJ301/CheckData/src/CheckData/Main.java</file>
            <file>file:/C:/Users/Admin/Desktop/SP24/PRJ301/CheckData/src/controller/InputDataController.java</file>
        </group>
    </open-files>
</project-private>
